,combined,total_occurences,num_of_winners_or_forced_errors,p
0,f1f1,801,426,0.5318352059925093
1,f1f3,776,448,0.5773195876288659
2,f3b3,456,188,0.41228070175438597
3,f3b1,378,174,0.4603174603174603
4,b3b1,340,140,0.4117647058823529
5,b2f1,310,122,0.3935483870967742
6,f1f2,296,143,0.4831081081081081
7,b3b3,290,78,0.2689655172413793
8,f2f3,279,110,0.3942652329749104
9,b1f1,274,160,0.583941605839416
10,b2f3,262,92,0.3511450381679389
11,f2f1,249,113,0.4538152610441767
12,z3b1,241,186,0.7717842323651453
13,b1f3,233,146,0.6266094420600858
14,m2o1,221,207,0.9366515837104072
15,f+3b3,218,197,0.9036697247706422
16,b1v1,203,192,0.9458128078817734
17,f3s3,201,124,0.6169154228855721
18,b3f1,195,99,0.5076923076923077
19,b3z1,193,174,0.9015544041450777
20,z1f3,189,176,0.9312169312169312
21,f+3b1,186,156,0.8387096774193549
22,m2o3,180,171,0.95
23,f3b2,177,57,0.3220338983050847
24,f+1f1,172,163,0.9476744186046512
25,v3b1,169,124,0.7337278106508875
26,z3b3,162,106,0.654320987654321
27,v1f3,159,149,0.9371069182389937
28,f1b1,158,66,0.4177215189873418
29,f3f3,148,90,0.6081081081081081
30,s3f3,145,46,0.31724137931034485
31,z1f1,143,132,0.9230769230769231
32,b3f3,139,53,0.381294964028777
33,f+1f3,133,118,0.8872180451127819
34,b2v1,133,124,0.9323308270676691
35,b3b2,131,34,0.2595419847328244
36,f3z3,127,120,0.9448818897637795
37,f3f1,126,83,0.6587301587301587
38,v3b3,118,92,0.7796610169491526
39,b3s3,116,48,0.41379310344827586
40,f3s2,116,90,0.7758620689655172
41,f1v3,114,99,0.868421052631579
42,s2f3,112,39,0.3482142857142857
43,s1f1,111,48,0.43243243243243246
45,s3f1,110,53,0.4818181818181818
44,s3b1,110,37,0.33636363636363636
46,s3b3,109,22,0.2018348623853211
47,f3s1,109,78,0.7155963302752294
48,f2b3,109,36,0.3302752293577982
49,f1b3,103,44,0.42718446601941745
50,m3o1,102,98,0.9607843137254902
51,b1f2,100,56,0.56
52,s2f1,100,47,0.47
53,b2z1,98,80,0.8163265306122449
54,s3z1,97,83,0.8556701030927835
55,s1f3,96,46,0.4791666666666667
56,b1v3,92,80,0.8695652173913043
57,f2b1,91,35,0.38461538461538464
58,l2o3,91,87,0.9560439560439561
59,v1f1,89,83,0.9325842696629213
60,f2v3,87,77,0.8850574712643678
61,m1o1,85,80,0.9411764705882353
62,b2f2,85,22,0.25882352941176473
63,b2b1,84,18,0.21428571428571427
64,f2b2,83,14,0.1686746987951807
65,z2f1,83,62,0.7469879518072289
66,s2v1,80,75,0.9375
67,b3z2,79,71,0.8987341772151899
68,z2f3,78,52,0.6666666666666666
69,m3o3,73,68,0.9315068493150684
70,b3z3,73,67,0.9178082191780822
71,f3z2,73,67,0.9178082191780822
72,f2f2,71,16,0.22535211267605634
73,f1r2,71,65,0.9154929577464789
74,z3f1,70,62,0.8857142857142857
75,b3s1,69,40,0.5797101449275363
76,f3z1,68,63,0.9264705882352942
77,z2b1,63,38,0.6031746031746031
78,s+3b1,62,49,0.7903225806451613
79,z2b3,61,38,0.6229508196721312
80,s1v1,59,53,0.8983050847457628
81,b2b3,59,13,0.22033898305084745
82,b3s2,58,31,0.5344827586206896
83,f+3s3,57,55,0.9649122807017544
84,f2z3,56,53,0.9464285714285714
85,f1b2,56,19,0.3392857142857143
86,v2b3,56,40,0.7142857142857143
87,v3f1,55,47,0.8545454545454545
89,m2o2,54,50,0.9259259259259259
90,m1o3,54,51,0.9444444444444444
88,l2o1,54,47,0.8703703703703703
91,f+3b2,50,45,0.9
92,s+3b3,48,29,0.6041666666666666
93,f1v1,48,45,0.9375
94,z3m3,46,39,0.8478260869565217
95,f1r3,46,42,0.9130434782608695
96,b1v2,45,38,0.8444444444444444
97,f+3s1,45,43,0.9555555555555556
98,b2b2,44,8,0.18181818181818182
99,s3s3,43,13,0.3023255813953488
100,f1r1,43,40,0.9302325581395349
101,b2v3,43,39,0.9069767441860465
102,v2b1,43,23,0.5348837209302325
103,f+3f1,42,38,0.9047619047619048
104,z3f3,42,34,0.8095238095238095
107,f1v2,41,37,0.9024390243902439
105,v2f3,41,35,0.8536585365853658
106,z3s1,41,38,0.926829268292683
108,z1b3,40,24,0.6
109,z1b1,40,25,0.625
110,s3z3,40,36,0.9
111,f+1b1,40,34,0.85
112,f1s3,40,26,0.65
113,i3b1,40,30,0.75
114,s+1f1,39,35,0.8974358974358975
115,h3b3,39,26,0.6666666666666666
116,b3v1,39,33,0.8461538461538461
122,f3f2,38,19,0.5
124,b3f2,38,15,0.39473684210526316
123,h3b1,38,30,0.7894736842105263
121,f1f+3,38,20,0.5263157894736842
120,s3s1,38,11,0.2894736842105263
118,b2z3,38,34,0.8947368421052632
117,b+1f1,38,36,0.9473684210526315
119,f+1f2,38,35,0.9210526315789473
126,b1z1,37,37,1.0
125,b1b1,37,13,0.35135135135135137
127,b2f+3,36,19,0.5277777777777778
128,v1b1,36,33,0.9166666666666666
129,b1r2,36,35,0.9722222222222222
130,b+3b3,36,35,0.9722222222222222
131,b+3b1,36,35,0.9722222222222222
134,b1v^1,35,32,0.9142857142857143
136,s2z1,35,28,0.8
135,v3m3,35,31,0.8857142857142857
133,s2f+1,35,20,0.5714285714285714
132,f+3s2,35,31,0.8857142857142857
138,b+1f3,34,33,0.9705882352941176
139,r2f3,34,19,0.5588235294117647
140,s+1f3,34,29,0.8529411764705882
137,i2f1,34,27,0.7941176470588235
141,f1s1,33,23,0.696969696969697
142,f2v1,33,30,0.9090909090909091
143,f1z3,33,30,0.9090909090909091
144,l1o3,33,32,0.9696969696969697
145,l3o3,33,31,0.9393939393939394
146,f2f+1,32,19,0.59375
147,v1b3,32,24,0.75
148,f1s2,32,18,0.5625
151,f+1b3,31,29,0.9354838709677419
150,b3z^1,31,27,0.8709677419354839
149,f2f+3,31,23,0.7419354838709677
153,z1l3,30,28,0.9333333333333333
152,z3s3,30,26,0.8666666666666667
154,z3b2,29,15,0.5172413793103449
155,s2f+3,29,16,0.5517241379310345
156,v3s1,29,27,0.9310344827586207
157,f2v2,28,26,0.9285714285714286
158,r1f3,27,14,0.5185185185185185
165,l1o1,26,24,0.9230769230769231
162,f+3m2,26,25,0.9615384615384616
163,b2v2,26,23,0.8846153846153846
164,b2z2,26,20,0.7692307692307693
161,v3m2,26,23,0.8846153846153846
160,i2f3,26,24,0.9230769230769231
159,h2b1,26,16,0.6153846153846154
166,f+3m3,25,24,0.96
167,z1l2,25,24,0.96
168,v2f1,25,17,0.68
169,z1f2,24,22,0.9166666666666666
170,i3b3,24,11,0.4583333333333333
171,r2f1,24,14,0.5833333333333334
172,s3v1,24,22,0.9166666666666666
173,b3z^3,24,23,0.9583333333333334
174,f+3f3,24,22,0.9166666666666666
175,b1r1,24,24,1.0
176,s1z1,24,20,0.8333333333333334
177,i1f3,24,20,0.8333333333333334
180,f+2b3,23,19,0.8260869565217391
181,r2f+3,23,15,0.6521739130434783
179,r1v3,23,18,0.782608695652174
178,b3y1,23,8,0.34782608695652173
183,b1z2,22,22,1.0
184,m3p1,22,21,0.9545454545454546
182,b2f+1,22,15,0.6818181818181818
185,z3m1,21,20,0.9523809523809523
186,s2z3,21,17,0.8095238095238095
187,s2v3,21,15,0.7142857142857143
188,v1f2,21,16,0.7619047619047619
189,v3f3,21,19,0.9047619047619048
194,b3v3,20,19,0.95
197,f3v3,20,17,0.85
196,s1v3,20,12,0.6
195,f2s3,20,5,0.25
192,v3s3,20,18,0.9
193,z3m2,20,19,0.95
191,b2z^1,20,20,1.0
190,s3s2,20,6,0.3
207,f3v1,19,16,0.8421052631578947
209,b2s3,19,1,0.05263157894736842
210,v1l2,19,17,0.8947368421052632
211,h1f3,19,18,0.9473684210526315
205,b+3s1,19,18,0.9473684210526315
206,b1r3,19,18,0.9473684210526315
208,l3o1,19,17,0.8947368421052632
204,m3o2,19,16,0.8421052631578947
202,z1l1,19,19,1.0
201,b1z3,19,15,0.7894736842105263
200,v3b2,19,8,0.42105263157894735
199,s3b2,19,1,0.05263157894736842
198,i1f1,19,16,0.8421052631578947
203,f2z1,19,14,0.7368421052631579
217,h2f1,18,17,0.9444444444444444
221,l2o2,18,16,0.8888888888888888
219,f2s2,18,4,0.2222222222222222
218,b1b3,18,8,0.4444444444444444
220,f2z2,18,17,0.9444444444444444
216,f1v^1,18,17,0.9444444444444444
214,m3p3,18,18,1.0
213,b1s3,18,11,0.6111111111111112
212,b+3s3,18,17,0.9444444444444444
215,f1v^3,18,17,0.9444444444444444
224,o1f3,17,17,1.0
225,f3r3,17,16,0.9411764705882353
226,b2s2,17,3,0.17647058823529413
223,r2v3,17,17,1.0
222,s3f2,17,1,0.058823529411764705
227,f3m1,16,16,1.0
228,z2v1,16,15,0.9375
229,v1l1,16,15,0.9375
230,s2f2,16,4,0.25
231,b3v2,16,16,1.0
232,s2v2,16,14,0.875
233,f+3m1,16,16,1.0
234,f3z^3,16,16,1.0
235,h2f3,16,10,0.625
245,b2v^1,15,14,0.9333333333333333
244,l3p3,15,15,1.0
242,s1f2,15,6,0.4
247,v2b2,15,7,0.4666666666666667
248,b3v^1,15,14,0.9333333333333333
243,s3y1,15,5,0.3333333333333333
246,s+2b3,15,9,0.6
241,r1f1,15,12,0.8
239,f-1f3,15,15,1.0
236,s1v2,15,12,0.8
238,s3z^1,15,15,1.0
237,f2b+3,15,5,0.3333333333333333
240,v3m1,15,15,1.0
255,s3z2,14,12,0.8571428571428571
258,z2f2,14,7,0.5
257,b+3b2,14,11,0.7857142857142857
256,s3f+1,14,5,0.35714285714285715
254,s3s+1,14,2,0.14285714285714285
253,b3i1,14,14,1.0
252,h2b3,14,10,0.7142857142857143
251,b1b2,14,9,0.6428571428571429
250,z3z1,14,14,1.0
249,r3b1,14,8,0.5714285714285714
267,f+1m3,13,12,0.9230769230769231
273,f3y1,13,5,0.38461538461538464
272,s+1b1,13,8,0.6153846153846154
271,s3z^3,13,11,0.8461538461538461
270,i2b1,13,7,0.5384615384615384
269,s+2f3,13,9,0.6923076923076923
268,s-3z1,13,10,0.7692307692307693
262,s-1f1,13,11,0.8461538461538461
266,z1r3,13,13,1.0
265,s+2b1,13,8,0.6153846153846154
264,s+1b3,13,9,0.6923076923076923
263,i2b3,13,8,0.6153846153846154
261,i3f3,13,11,0.8461538461538461
260,r2z3,13,9,0.6923076923076923
259,s2b1,13,3,0.23076923076923078
282,r+3b1,12,7,0.5833333333333334
288,f+1l2,12,12,1.0
287,h1b1,12,8,0.6666666666666666
286,v1l3,12,12,1.0
285,b2s1,12,2,0.16666666666666666
284,s1b1,12,4,0.3333333333333333
283,r3f1,12,5,0.4166666666666667
275,r+3b3,12,8,0.6666666666666666
281,m1o2,12,10,0.8333333333333334
279,v1r3,12,12,1.0
278,b1h1,12,12,1.0
277,f-1f1,12,10,0.8333333333333334
276,f2z^3,12,11,0.9166666666666666
274,y1f3,12,10,0.8333333333333334
280,o1f1,12,12,1.0
295,f1f;3,11,9,0.8181818181818182
300,z3s2,11,11,1.0
299,v1b2,11,7,0.6363636363636364
298,s2s1,11,2,0.18181818181818182
297,s1z3,11,9,0.8181818181818182
296,b1f+3,11,6,0.5454545454545454
294,z2l3,11,6,0.5454545454545454
293,f1y3,11,6,0.5454545454545454
292,b+3f3,11,11,1.0
291,v1s3,11,8,0.7272727272727273
290,s2b3,11,4,0.36363636363636365
289,b+3s2,11,11,1.0
308,o1f2,10,9,0.9
313,f1z2,10,9,0.9
312,l3o2,10,9,0.9
311,y1f1,10,8,0.8
310,s3s+3,10,2,0.2
309,z1r1,10,10,1.0
314,s3o1,10,10,1.0
307,v2z3,10,10,1.0
305,o3b3,10,10,1.0
304,i1b1,10,6,0.6
303,z2m3,10,7,0.7
302,b1v^3,10,9,0.9
301,s2f-3,10,8,0.8
306,y1f-1,10,10,1.0
337,z3z3,9,6,0.6666666666666666
332,f+2b1,9,7,0.7777777777777778
333,z2z1,9,8,0.8888888888888888
334,f1f;1,9,9,1.0
335,b3y3,9,4,0.4444444444444444
336,r3f3,9,3,0.3333333333333333
340,y1f-3,9,7,0.7777777777777778
338,b3b+1,9,4,0.4444444444444444
339,s1f+3,9,8,0.8888888888888888
329,f3r2,9,9,1.0
341,f+1s1,9,9,1.0
342,s+3b2,9,5,0.5555555555555556
330,f-3b3,9,8,0.8888888888888888
331,o3m1,9,9,1.0
328,f+2f1,9,7,0.7777777777777778
321,f3b+1,9,4,0.4444444444444444
315,b+3f1,9,9,1.0
327,z1b2,9,4,0.4444444444444444
317,f3r1,9,9,1.0
318,f2v^3,9,9,1.0
319,b1s1,9,3,0.3333333333333333
320,s3b+3,9,3,0.3333333333333333
316,f2y1,9,5,0.5555555555555556
322,f1h3,9,9,1.0
324,s2s3,9,1,0.1111111111111111
325,f1z1,9,9,1.0
326,b2u3,9,4,0.4444444444444444
323,f+1l1,9,9,1.0
361,f3s+1,8,3,0.375
357,s+3f1,8,6,0.75
358,l1o2,8,8,1.0
359,r2f+1,8,7,0.875
360,z3i1,8,8,1.0
363,r3b3,8,5,0.625
362,o2f1,8,8,1.0
355,s2o1,8,8,1.0
364,z^3s-3,8,8,1.0
365,v3s2,8,8,1.0
366,s+3f3,8,6,0.75
356,z2b2,8,2,0.25
347,z2m2,8,7,0.875
354,f3v2,8,8,1.0
348,z1m1,8,7,0.875
353,s3i1,8,7,0.875
344,f+2f3,8,7,0.875
345,h1f1,8,8,1.0
346,h3b2,8,7,0.875
343,f;3s3,8,6,0.75
349,z2v3,8,8,1.0
350,o3s1,8,7,0.875
351,v1m2,8,8,1.0
352,s3b+1,8,5,0.625
396,u+3s3,7,7,1.0
388,s2j1,7,7,1.0
389,s+3z1,7,5,0.7142857142857143
390,b+1b3,7,7,1.0
391,f3b+3,7,3,0.42857142857142855
392,r2f2,7,4,0.5714285714285714
393,z2s1,7,6,0.8571428571428571
394,i1b3,7,3,0.42857142857142855
395,s3u3,7,4,0.5714285714285714
401,f+1l3,7,7,1.0
397,s2o3,7,5,0.7142857142857143
398,v2s3,7,6,0.8571428571428571
399,b2z^3,7,6,0.8571428571428571
400,o3f1,7,7,1.0
402,b+1b1,7,6,0.8571428571428571
403,s+3m3,7,6,0.8571428571428571
386,f3f+1,7,4,0.5714285714285714
404,f+1s3,7,6,0.8571428571428571
387,f+1m2,7,7,1.0
368,f;1f3,7,5,0.7142857142857143
385,z^3s1,7,7,1.0
375,f1f+1,7,6,0.8571428571428571
384,s2v^1,7,5,0.7142857142857143
367,s1v^1,7,6,0.8571428571428571
369,b2s+3,7,0,0.0
371,z1s3,7,5,0.7142857142857143
372,f-3b1,7,6,0.8571428571428571
373,s3y+1,7,3,0.42857142857142855
374,b2s+2,7,0,0.0
370,z1m3,7,5,0.7142857142857143
376,s2u1,7,5,0.7142857142857143
378,b1z^1,7,7,1.0
379,s1b3,7,5,0.7142857142857143
380,r1z3,7,5,0.7142857142857143
381,f1v^2,7,5,0.7142857142857143
382,v2m2,7,6,0.8571428571428571
377,z3b-1,7,6,0.8571428571428571
383,z1v1,7,6,0.8571428571428571
442,f2z^1,6,6,1.0
447,f1b+3,6,4,0.6666666666666666
446,v2l2,6,6,1.0
445,v^3s1,6,6,1.0
444,y1r1,6,5,0.8333333333333334
443,f1h2,6,6,1.0
438,b3b;1,6,5,0.8333333333333334
441,r3z2,6,6,1.0
439,s1l3,6,5,0.8333333333333334
437,b3y+1,6,4,0.6666666666666666
436,v2m3,6,5,0.8333333333333334
449,v3l3,6,5,0.8333333333333334
448,o3f3,6,6,1.0
458,s+2f1,6,3,0.5
450,s3y3,6,4,0.6666666666666666
451,y1r-3,6,5,0.8333333333333334
452,m2p1,6,6,1.0
453,f2v^2,6,6,1.0
454,z1f-3,6,6,1.0
455,f2y3,6,3,0.5
456,s-1f3,6,5,0.8333333333333334
457,h3m3,6,5,0.8333333333333334
434,b;1f3,6,3,0.5
459,b3f+1,6,2,0.3333333333333333
460,y3s3,6,6,1.0
461,s2u3,6,5,0.8333333333333334
462,b3f;3,6,3,0.5
463,r2u1,6,5,0.8333333333333334
435,v^1f-1,6,6,1.0
440,y1r-1,6,6,1.0
433,f2s+1,6,3,0.5
418,s-3z2,6,6,1.0
432,i3f1,6,5,0.8333333333333334
405,b2v^3,6,4,0.6666666666666666
406,z3l3,6,6,1.0
407,f2r2,6,4,0.6666666666666666
408,v3b-1,6,6,1.0
409,z2l2,6,4,0.6666666666666666
410,b1f;1,6,4,0.6666666666666666
411,i3m3,6,4,0.6666666666666666
413,o3b1,6,6,1.0
414,r1f+3,6,5,0.8333333333333334
415,f+1b2,6,6,1.0
416,v1r1,6,6,1.0
417,r3z3,6,5,0.8333333333333334
412,s2f-1,6,5,0.8333333333333334
419,s1s3,6,2,0.3333333333333333
426,r3z1,6,5,0.8333333333333334
420,f2s+3,6,1,0.16666666666666666
430,b+1f2,6,6,1.0
429,s3f+3,6,4,0.6666666666666666
428,v1s1,6,5,0.8333333333333334
427,h3f3,6,4,0.6666666666666666
431,s3v^1,6,5,0.8333333333333334
425,z1s1,6,5,0.8333333333333334
423,f2f+2,6,0,0.0
422,m1v1,6,5,0.8333333333333334
421,h3f1,6,5,0.8333333333333334
424,r2b1,6,3,0.5
502,f+1r1,5,5,1.0
507,r2b3,5,1,0.2
506,s2z2,5,1,0.2
505,z3l2,5,5,1.0
504,s1z^1,5,5,1.0
503,u+3b-3,5,5,1.0
499,b1v;1,5,5,1.0
501,f2b+1,5,4,0.8
500,f1s+3,5,1,0.2
498,f3s+3,5,0,0.0
497,b1s2,5,4,0.8
496,s1f+1,5,5,1.0
509,b+3m2,5,5,1.0
508,f1y1,5,2,0.4
494,b+2b1,5,5,1.0
510,v2v3,5,5,1.0
511,i3s1,5,5,1.0
512,u3s-3,5,5,1.0
513,r3f+1,5,4,0.8
514,b-1l2,5,5,1.0
515,b+3m3,5,5,1.0
516,b-1v1,5,5,1.0
517,v2z1,5,5,1.0
518,y+1f3,5,4,0.8
519,i2f2,5,4,0.8
520,s2s+1,5,1,0.2
521,u+1r1,5,5,1.0
522,v3z3,5,5,1.0
495,u+3b1,5,4,0.8
489,b3i2,5,4,0.8
493,z1v2,5,5,1.0
478,s2f+2,5,2,0.4
492,r3y1,5,3,0.6
465,h1f-3,5,5,1.0
467,b3z^2,5,4,0.8
468,s-1v1,5,5,1.0
469,f-3m3,5,4,0.8
470,z^3b-3,5,4,0.8
471,u1r-1,5,5,1.0
472,b2f;3,5,3,0.6
473,b2y3,5,2,0.4
474,y3s-1,5,5,1.0
475,b3r3,5,5,1.0
476,f;1f1,5,4,0.8
477,z1v3,5,5,1.0
466,f3b;3,5,2,0.4
479,r1v2,5,5,1.0
486,o1b1,5,5,1.0
480,s1b2,5,2,0.4
491,r2v2,5,4,0.8
464,s1r1,5,4,0.8
488,u3s3,5,5,1.0
487,v1f-3,5,5,1.0
490,z^1r1,5,5,1.0
485,f2v^1,5,5,1.0
483,f3y3,5,2,0.4
482,f2u3,5,1,0.2
484,z2z2,5,3,0.6
481,p3b1,5,4,0.8
596,r-3m3,4,4,1.0
592,j+3b1,4,2,0.5
593,s1l1,4,4,1.0
594,f+1r3,4,4,1.0
595,u+3b3,4,4,1.0
598,f1l2,4,4,1.0
597,r2u+3,4,1,0.25
599,b-1v3,4,3,0.75
600,s+3s3,4,4,1.0
590,z2m1,4,4,1.0
601,b-3b3,4,4,1.0
591,r2u3,4,2,0.5
583,s2v^3,4,4,1.0
589,b+1l3,4,4,1.0
588,b;3f1,4,2,0.5
587,o2f2,4,4,1.0
586,s2s2,4,1,0.25
585,f-1v3,4,4,1.0
584,s1v^3,4,3,0.75
582,b+2f1,4,4,1.0
581,v1v2,4,4,1.0
580,z1f;3,4,4,1.0
579,s1s1,4,1,0.25
578,b+1s1,4,4,1.0
603,f2f;3,4,4,1.0
602,z1m2,4,4,1.0
618,u1f3,4,4,1.0
604,f3i3,4,4,1.0
605,s1r3,4,4,1.0
629,f+2b2,4,1,0.25
628,s-3b3,4,4,1.0
627,j+1f3,4,4,1.0
626,m2o=3,4,4,1.0
625,m-2o2,4,4,1.0
624,f3m2,4,4,1.0
623,s2s+3,4,0,0.0
622,s-2v1,4,4,1.0
621,y1u-1,4,4,1.0
620,r1u1,4,3,0.75
619,j1f3,4,4,1.0
576,r3v3,4,4,1.0
617,f3f+3,4,3,0.75
616,h3s3,4,4,1.0
615,v3b-3,4,4,1.0
614,s3f-1,4,3,0.75
613,i2m3,4,2,0.5
612,s+2b2,4,1,0.25
611,u3b3,4,4,1.0
610,y1u-3,4,4,1.0
609,f-3m1,4,4,1.0
607,s2o2,4,4,1.0
606,v1v3,4,4,1.0
577,o2f3,4,4,1.0
608,s2r1,4,1,0.25
575,f+3f2,4,2,0.5
535,m2o=1,4,2,0.5
546,v3b;1,4,3,0.75
545,b2y1,4,1,0.25
544,b2h3,4,2,0.5
543,o3m3,4,4,1.0
542,f1u3,4,1,0.25
541,f3y2,4,1,0.25
540,s3s+2,4,0,0.0
539,r2z1,4,4,1.0
538,h3s1,4,3,0.75
537,z2r1,4,3,0.75
536,i3z1,4,2,0.5
534,b2f;1,4,3,0.75
548,m2t3,4,3,0.75
533,f2s1,4,1,0.25
532,v1z3,4,3,0.75
531,i2b2,4,2,0.5
530,b-3z1,4,4,1.0
529,f3z^2,4,4,1.0
528,i3s3,4,3,0.75
526,z2f-3,4,4,1.0
525,i2l1,4,2,0.5
524,h1b3,4,3,0.75
523,i3m1,4,2,0.5
574,b3u1,4,3,0.75
547,b3r2,4,4,1.0
527,l3p2,4,4,1.0
549,z3f2,4,4,1.0
562,m3t1,4,4,1.0
573,r-3b3,4,4,1.0
572,y3s-3,4,4,1.0
550,s-1v3,4,4,1.0
571,s1f-3,4,4,1.0
569,r2f-3,4,4,1.0
568,s-1z1,4,4,1.0
567,y3s1,4,3,0.75
566,b2u1,4,3,0.75
565,f-3s1,4,3,0.75
564,s3u+3,4,3,0.75
563,b1u1,4,2,0.5
570,b1f+1,4,2,0.5
561,b-1f1,4,4,1.0
555,y+1r1,4,4,1.0
560,o1b3,4,3,0.75
552,f-3m2,4,4,1.0
551,m2p3,4,4,1.0
554,l1o=1,4,2,0.5
553,f3o3,4,4,1.0
556,o3b2,4,4,1.0
557,y3b3,4,4,1.0
558,h2b2,4,1,0.25
559,m1p3,4,4,1.0
748,b3f+3,3,2,0.6666666666666666
749,f1f-1,3,2,0.6666666666666666
750,r-3b1,3,2,0.6666666666666666
751,o3s3,3,3,1.0
752,f1u+2,3,1,0.3333333333333333
753,m3f3,3,2,0.6666666666666666
754,y+1b3,3,2,0.6666666666666666
755,y1r3,3,2,0.6666666666666666
767,m1p1,3,3,1.0
760,o2s1,3,3,1.0
756,z^3s3,3,3,1.0
757,s1h1,3,3,1.0
758,b3f;1,3,3,1.0
759,f-1v2,3,3,1.0
761,s3s-1,3,2,0.6666666666666666
762,u3b-1,3,3,1.0
763,l1o=3,3,1,0.3333333333333333
764,f2u1,3,2,0.6666666666666666
765,y+1r-1,3,3,1.0
746,r3b+1,3,1,0.3333333333333333
766,r3m3,3,3,1.0
747,l2o=1,3,3,1.0
735,b3m1,3,3,1.0
745,p3b3,3,3,1.0
744,u+3b-1,3,3,1.0
724,y-3s-1,3,3,1.0
769,l3p1,3,3,1.0
725,j3b3,3,3,1.0
726,b3b;3,3,3,1.0
727,f+2l2,3,1,0.3333333333333333
728,z2j1,3,3,1.0
729,f-3z2,3,3,1.0
730,l3o=3,3,3,1.0
731,b+2f3,3,1,0.3333333333333333
732,r-3z3,3,3,1.0
733,z3b;3,3,3,1.0
734,s-3b1,3,3,1.0
737,s-3s1,3,2,0.6666666666666666
738,f3b;2,3,2,0.6666666666666666
739,f1f;2,3,2,0.6666666666666666
740,v3f-1,3,3,1.0
741,f1u1,3,2,0.6666666666666666
742,f-3l3,3,2,0.6666666666666666
743,b-1v2,3,3,1.0
768,s2z^3,3,3,1.0
795,b2h1,3,3,1.0
770,f1l1,3,3,1.0
805,s1z2,3,2,0.6666666666666666
796,b1v^2,3,3,1.0
797,u+1f-1,3,2,0.6666666666666666
798,z^3f-1,3,3,1.0
799,b;3y1,3,1,0.3333333333333333
800,v3z1,3,2,0.6666666666666666
801,s2y1,3,0,0.0
802,i1s3,3,1,0.3333333333333333
803,b3s+3,3,0,0.0
804,f-1f2,3,3,1.0
806,v2b;3,3,3,1.0
771,s-1l3,3,3,1.0
807,r1l1,3,2,0.6666666666666666
808,h1f2,3,3,1.0
809,b3h1,3,1,0.3333333333333333
810,y+1r3,3,3,1.0
811,f;1f2,3,3,1.0
812,v^1f3,3,3,1.0
813,h2f-3,3,2,0.6666666666666666
814,f2h2,3,2,0.6666666666666666
722,z1s2,3,3,1.0
794,s3o3,3,3,1.0
793,b3b+3,3,2,0.6666666666666666
792,y1s-1,3,3,1.0
791,r2z2,3,2,0.6666666666666666
772,f3l3,3,3,1.0
773,y+1f-3,3,3,1.0
774,b-3b1,3,3,1.0
775,z3v1,3,3,1.0
776,t2v1,3,3,1.0
777,y+3s3,3,3,1.0
778,p1b1,3,1,0.3333333333333333
779,v3r1,3,3,1.0
780,f+1r2,3,3,1.0
781,f1l3,3,2,0.6666666666666666
782,f+3l3,3,3,1.0
783,b1y3,3,1,0.3333333333333333
784,m-2o3,3,2,0.6666666666666666
785,r-1f-3,3,3,1.0
786,s-1b1,3,3,1.0
787,f3i2,3,3,1.0
788,s2y+1,3,2,0.6666666666666666
789,r+3f1,3,2,0.6666666666666666
790,r2r3,3,2,0.6666666666666666
723,s3i3,3,3,1.0
736,l2o=3,3,1,0.3333333333333333
721,m3v1,3,3,1.0
662,f1u2,3,3,1.0
653,s2b2,3,1,0.3333333333333333
654,z^1f3,3,3,1.0
655,r2j1,3,3,1.0
656,l3f1,3,2,0.6666666666666666
657,s1l2,3,3,1.0
658,f;3b3,3,2,0.6666666666666666
659,f3b;1,3,2,0.6666666666666666
660,m2f3,3,2,0.6666666666666666
661,s3v3,3,1,0.3333333333333333
663,b2u+3,3,2,0.6666666666666666
674,m1o=3,3,3,1.0
664,z2l1,3,3,1.0
665,m2v1,3,3,1.0
666,b-1z2,3,2,0.6666666666666666
667,i2m2,3,2,0.6666666666666666
668,s3y-1,3,2,0.6666666666666666
669,y+2f-3,3,3,1.0
670,b1v;3,3,3,1.0
671,v1m3,3,3,1.0
672,l2j3,3,2,0.6666666666666666
652,j+1f1,3,3,1.0
651,f3m3,3,3,1.0
650,z3k1,3,1,0.3333333333333333
649,f+3b;3,3,3,1.0
720,b3s+1,3,0,0.0
630,h3f-3,3,3,1.0
631,b+2f2,3,2,0.6666666666666666
632,b1s+3,3,1,0.3333333333333333
633,i3b2,3,2,0.6666666666666666
634,f-3z3,3,3,1.0
636,y+3b-1,3,1,0.3333333333333333
637,f-1z3,3,3,1.0
638,y+2s3,3,3,1.0
639,f2u2,3,0,0.0
640,b2y+1,3,3,1.0
641,z2o1,3,3,1.0
642,r2y3,3,2,0.6666666666666666
643,m2j1,3,3,1.0
644,f1y+3,3,2,0.6666666666666666
645,z1h1,3,3,1.0
646,v1v1,3,3,1.0
647,b+1r3,3,3,1.0
648,y+1f-1,3,3,1.0
673,r3s+1,3,0,0.0
635,u-1f-3,3,3,1.0
675,f3y+1,3,2,0.6666666666666666
709,u+3s-3,3,3,1.0
700,f;3b1,3,2,0.6666666666666666
701,i3m2,3,3,1.0
702,o1r1,3,3,1.0
703,f;1r1,3,3,1.0
704,f3v^1,3,3,1.0
705,s-3z3,3,2,0.6666666666666666
706,z3b;1,3,3,1.0
707,r1u+3,3,2,0.6666666666666666
708,p2b3,3,3,1.0
710,z^1r3,3,3,1.0
698,r3f+3,3,3,1.0
711,o1m1,3,3,1.0
712,p1f2,3,3,1.0
713,f1z^3,3,3,1.0
714,h3z3,3,2,0.6666666666666666
715,u1u-1,3,2,0.6666666666666666
717,r1u3,3,2,0.6666666666666666
718,i1l1,3,3,1.0
676,b2f;2,3,2,0.6666666666666666
719,y1s3,3,3,1.0
699,s3f;3,3,3,1.0
716,y+3s1,3,3,1.0
697,l1p1,3,3,1.0
686,i3b;1,3,3,1.0
696,v2l3,3,2,0.6666666666666666
677,m3p2,3,3,1.0
680,i2l3,3,3,1.0
681,i1m3,3,2,0.6666666666666666
682,r3s3,3,2,0.6666666666666666
683,s1o1,3,3,1.0
684,f3v^3,3,3,1.0
685,s3m1,3,2,0.6666666666666666
679,i3z3,3,3,1.0
687,b3u2,3,1,0.3333333333333333
692,v1r2,3,2,0.6666666666666666
695,b-3b2,3,3,1.0
688,b2f-1,3,2,0.6666666666666666
694,r2j3,3,1,0.3333333333333333
693,m+2b3,3,3,1.0
678,b3r1,3,3,1.0
689,s+1m1,3,2,0.6666666666666666
690,s+3s1,3,2,0.6666666666666666
691,s;3s1,3,2,0.6666666666666666
1024,f3z^1,2,2,1.0
1040,s+3z2,2,2,1.0
1039,z3b-2,2,2,1.0
1038,s+3m2,2,2,1.0
1037,f2y+1,2,0,0.0
1036,m+3b1,2,2,1.0
1035,s1r2,2,2,1.0
1034,s1m3,2,1,0.5
1033,s-1f2,2,2,1.0
1032,s+2m3,2,1,0.5
1031,h2r-3,2,2,1.0
1030,f;3y1,2,1,0.5
1029,s+2f2,2,2,1.0
1027,r3s1,2,2,1.0
1026,z;3m1,2,2,1.0
1025,m3o=3,2,2,1.0
1023,i2l2,2,1,0.5
1041,v;3b2,2,1,0.5
1028,u+1f1,2,1,0.5
1050,b;3s3,2,1,0.5
1042,y+1s3,2,2,1.0
1043,s3k1,2,2,1.0
1060,v3f2,2,2,1.0
1021,h1r2,2,2,1.0
1059,y3f1,2,2,1.0
1058,m1k1,2,2,1.0
1057,p2b1,2,2,1.0
1056,f-1b1,2,2,1.0
1055,s+2m2,2,1,0.5
1054,v2z2,2,2,1.0
1053,m+3b3,2,2,1.0
1052,z2l+3,2,2,1.0
1051,u-3b-1,2,1,0.5
1049,f2u+3,2,2,1.0
1048,b3s-1,2,1,0.5
1047,f1b;1,2,2,1.0
1046,y-1r-1,2,2,1.0
1045,h2l1,2,2,1.0
1044,u3f-3,2,2,1.0
1022,h2m3,2,1,0.5
1000,r2b-3,2,2,1.0
1020,f3s+2,2,0,0.0
1019,f3l2,2,2,1.0
997,z=1v1,2,2,1.0
996,b1m3,2,2,1.0
995,o=1r3,2,1,0.5
994,z1z2,2,2,1.0
993,s-1b2,2,2,1.0
992,f1o2,2,2,1.0
991,v^3s3,2,2,1.0
990,f2f-1,2,2,1.0
989,u3s-1,2,2,1.0
988,i1l3,2,2,1.0
987,f-1l3,2,2,1.0
986,l1t1,2,2,1.0
985,b2r2,2,2,1.0
984,i1z1,2,2,1.0
983,v3l2,2,2,1.0
982,i3l3,2,2,1.0
1062,s1u-1,2,2,1.0
998,f3u1,2,1,0.5
999,s+;3s1,2,2,1.0
1001,o2b2,2,2,1.0
1011,r3v1,2,2,1.0
1018,u+3r1,2,1,0.5
1017,o2s2,2,2,1.0
1016,m-1p1,2,2,1.0
1015,s+1m2,2,2,1.0
1014,f2f-3,2,1,0.5
1013,j3b1,2,2,1.0
1012,s1y1,2,1,0.5
1010,m+3l3,2,2,1.0
1002,b3m3,2,2,1.0
1009,y3y3,2,1,0.5
1008,b1f;3,2,1,0.5
1007,f;1v2,2,2,1.0
1006,p1b3,2,1,0.5
1005,o1s3,2,2,1.0
1004,p2f3,2,2,1.0
1003,h2s2,2,1,0.5
1061,f-1m3,2,2,1.0
1108,b2v^2,2,0,0.0
1063,i2v1,2,1,0.5
1125,s-1l2,2,2,1.0
1123,b+1m3,2,2,1.0
1122,f+;3b3,2,1,0.5
1121,v1h3,2,2,1.0
1120,v1s2,2,2,1.0
1119,o2m3,2,2,1.0
1118,s2i3,2,2,1.0
1117,s+2f;1,2,2,1.0
1116,r1l2,2,2,1.0
1115,s2f-2,2,2,1.0
1114,y-1f-3,2,2,1.0
1113,v+3b3,2,2,1.0
1112,o=1r2,2,2,1.0
1111,s3y+3,2,1,0.5
1110,z3z2,2,1,0.5
1109,z2f;3,2,2,1.0
1107,b;1v1,2,2,1.0
1106,b1r;3,2,2,1.0
1124,s+2z1,2,0,0.0
1126,p1f1,2,2,1.0
1064,v1z2,2,2,1.0
1127,u+1r-3,2,2,1.0
980,o1l2,2,2,1.0
1143,m1b3,2,2,1.0
1142,f;3f3,2,0,0.0
1141,v1b-1,2,1,0.5
1140,z2v2,2,2,1.0
1139,z3k=1,2,2,1.0
1138,b;2v1,2,2,1.0
1137,y-1m-1,2,2,1.0
1136,s3u+1,2,2,1.0
1135,p2f1,2,2,1.0
1134,i=2u+1,2,1,0.5
1133,v3i3,2,2,1.0
1132,h2f-1,2,2,1.0
1131,i3f2,2,2,1.0
1130,z^1f-1,2,2,1.0
1129,z3f;3,2,2,1.0
1128,z1k3,2,1,0.5
1105,z3s;1,2,2,1.0
1104,y-1l-1,2,2,1.0
1103,u+3m-3,2,2,1.0
1102,v^1r1,2,2,1.0
1081,v2v1,2,2,1.0
1080,f2j1,2,1,0.5
1079,y+3b1,2,1,0.5
1078,f-3b2,2,1,0.5
1077,l3o=1,2,1,0.5
1076,z1f-2,2,2,1.0
1075,s3b-3,2,2,1.0
1074,l3v3,2,2,1.0
1073,h3m2,2,1,0.5
1072,f+1f;3,2,2,1.0
1071,f2s+2,2,0,0.0
1070,u-3r-3,2,2,1.0
1069,l3f3,2,2,1.0
1068,s3b-1,2,1,0.5
1067,s2z^1,2,2,1.0
1066,f+;1f3,2,2,1.0
1065,s3v^2,2,2,1.0
1082,o=1f3,2,1,0.5
1083,m1l1,2,2,1.0
1084,s;2r2,2,2,1.0
1094,v;1f1,2,1,0.5
1101,z;3b1,2,2,1.0
1100,f+2f2,2,1,0.5
1099,u+3m3,2,2,1.0
1098,s+1l3,2,2,1.0
1097,s1s+3,2,1,0.5
1096,i1r3,2,2,1.0
1095,r-1f1,2,2,1.0
1093,r-3m1,2,2,1.0
1085,s3b;3,2,1,0.5
1092,r-1v2,2,2,1.0
1091,h3s2,2,2,1.0
1090,z3r1,2,2,1.0
1089,o1s1,2,2,1.0
1088,l2f3,2,1,0.5
1087,z2s3,2,2,1.0
1086,i1r-3,2,2,1.0
981,y+;3y-3,2,2,1.0
880,y1f2,2,2,1.0
979,r+1b3,2,1,0.5
874,j1l3,2,2,1.0
872,s-1v2,2,2,1.0
871,b;3s2,2,2,1.0
870,r1j=+3,2,2,1.0
869,l1o-3,2,2,1.0
868,s3o2,2,1,0.5
867,l+2f1,2,2,1.0
866,l2t1,2,2,1.0
865,h=2f2,2,0,0.0
864,y3b-1,2,1,0.5
863,t1v1,2,2,1.0
862,l2v3,2,2,1.0
861,r1z1,2,1,0.5
860,f3i=3,2,2,1.0
859,z3m-3,2,2,1.0
858,o=3b2,2,1,0.5
857,b+1s3,2,2,1.0
856,v2l1,2,2,1.0
873,z3i2,2,2,1.0
875,z2f+3,2,2,1.0
896,v^1r-2,2,2,1.0
876,b-3z3,2,1,0.5
894,f+1s2,2,2,1.0
893,b+3l3,2,2,1.0
892,m1f3,2,2,1.0
891,v3k3,2,1,0.5
890,f+3r2,2,2,1.0
889,z2m+2,2,2,1.0
888,v3f-3,2,2,1.0
887,h1b-1,2,2,1.0
886,r2b+1,2,2,1.0
885,r+1b1,2,2,1.0
884,y1f;3,2,2,1.0
883,s3l1,2,2,1.0
882,o2l3,2,2,1.0
881,r+2f1,2,2,1.0
879,s+1v3,2,2,1.0
878,b;2f+1,2,1,0.5
877,r1f2,2,1,0.5
855,f2h=3,2,2,1.0
854,b+2b3,2,2,1.0
853,i1f2,2,1,0.5
852,r2u-3,2,2,1.0
831,s3f-3,2,2,1.0
830,p3b-1,2,2,1.0
829,r1f+1,2,1,0.5
828,y-1f-1,2,2,1.0
827,m2p2,2,2,1.0
826,r3i2,2,2,1.0
825,v^1r3,2,2,1.0
824,b+1l2,2,2,1.0
823,r2f-1,2,2,1.0
822,s2f;1,2,2,1.0
820,l2o+3,2,2,1.0
819,f1h=1,2,2,1.0
818,f;+1b3,2,1,0.5
817,u3b-3,2,2,1.0
816,z;1f1,2,1,0.5
815,b;3b3,2,0,0.0
978,y3b-3,2,1,0.5
832,b2s;2,2,2,1.0
833,v2t1,2,2,1.0
834,i=3b3,2,2,1.0
844,z2t3,2,1,0.5
851,b+2v3,2,2,1.0
850,p3f3,2,1,0.5
849,s+1v1,2,2,1.0
848,y-3b-3,2,2,1.0
847,u+3s1,2,2,1.0
846,z1z1,2,2,1.0
845,i=2f3,2,2,1.0
843,i1r1,2,1,0.5
835,z^3b-1,2,2,1.0
842,z2f-1,2,2,1.0
841,b3b;2,2,2,1.0
840,y+1f1,2,2,1.0
839,s-2f3,2,2,1.0
838,r1r3,2,2,1.0
837,r3s2,2,2,1.0
836,i2f-3,2,2,1.0
895,f1b;2,2,2,1.0
821,s+1b2,2,1,0.5
897,b+1r1,2,2,1.0
958,r2v1,2,2,1.0
956,l3z3,2,2,1.0
955,f3o1,2,2,1.0
954,s2j3,2,1,0.5
953,l2t2,2,2,1.0
952,u3b1,2,2,1.0
951,s+1b;1,2,2,1.0
950,m1o;3,2,2,1.0
949,b2s+1,2,0,0.0
948,b3i3,2,2,1.0
947,h1l1,2,2,1.0
946,m1z1,2,1,0.5
945,f;1f+3,2,2,1.0
944,b1h3,2,2,1.0
943,f+2m3,2,1,0.5
942,u+3s-1,2,2,1.0
941,b2u-1,2,2,1.0
940,h=2f+3,2,2,1.0
957,v^3b-1,2,2,1.0
959,b+;3b1,2,1,0.5
938,f1h1,2,2,1.0
960,r3y+1,2,0,0.0
977,v2j2,2,1,0.5
976,u+3y-3,2,2,1.0
898,b;3z1,2,2,1.0
975,z3z=1,2,1,0.5
974,v2h3,2,2,1.0
972,z^1f-3,2,2,1.0
971,f1m2,2,2,1.0
970,v^3s-1,2,2,1.0
969,y1b-3,2,2,1.0
968,z^1f1,2,2,1.0
967,m+3t3,2,2,1.0
966,v^2f-1,2,2,1.0
965,h=2f3,2,0,0.0
964,s3m3,2,2,1.0
963,z3s-1,2,2,1.0
962,s3h1,2,1,0.5
961,v^1f-3,2,2,1.0
939,m2o=2,2,2,1.0
973,r3f;3,2,1,0.5
937,z1f-1,2,2,1.0
908,t=2o3,2,2,1.0
915,r2o3,2,2,1.0
914,f-3f1,2,2,1.0
913,f-1l2,2,2,1.0
912,s2u+3,2,2,1.0
911,h^2r-1,2,2,1.0
910,u1f-3,2,2,1.0
909,f3s;3,2,2,1.0
907,y+1r-3,2,2,1.0
917,s+1f2,2,1,0.5
906,f1r+2,2,0,0.0
905,f;3f2,2,1,0.5
904,u1r3,2,2,1.0
899,s2h3,2,2,1.0
902,f3z;1,2,2,1.0
936,b-2v1,2,2,1.0
900,f;2f+3,2,1,0.5
916,s2h1,2,2,1.0
903,v=3o3,2,2,1.0
918,z1r2,2,2,1.0
928,s3k3,2,0,0.0
935,s3i-1,2,2,1.0
934,z2z3,2,2,1.0
919,y3r-1,2,2,1.0
933,j1f1,2,1,0.5
932,b2i1,2,2,1.0
931,b3v^3,2,2,1.0
930,v^1b-1,2,2,1.0
929,v;2f1,2,1,0.5
901,b;3v1,2,2,1.0
927,z1b;3,2,2,1.0
923,b1u2,2,2,1.0
926,f-1b3,2,1,0.5
922,s2y3,2,0,0.0
920,z1b-1,2,2,1.0
921,b-3m3,2,2,1.0
925,s2o=1,2,2,1.0
924,r-1l1,2,2,1.0
1957,f2v;3,1,1,1.0
1956,t2z2,1,1,1.0
1970,r-3b-1,1,1,1.0
1969,m3l1,1,1,1.0
1968,u+3s-2,1,1,1.0
1967,s2j=1,1,1,1.0
1966,z^1f-2,1,1,1.0
1965,u-3b-3,1,1,1.0
1958,b2b;3,1,1,1.0
1964,v=1v3,1,1,1.0
1971,b2b;1,1,0,0.0
1962,j2f3,1,1,1.0
1961,t3o1,1,1,1.0
1960,v=2o3,1,1,1.0
1959,s+1l2,1,1,1.0
1963,v3t1,1,1,1.0
1974,i-1f-1,1,1,1.0
1972,r-1m2,1,1,1.0
1984,j=3s3,1,1,1.0
1989,m-3z2,1,1,1.0
1955,z^3s-2,1,1,1.0
1990,m3z1,1,1,1.0
1988,r-1r-3,1,1,1.0
1987,m3t2,1,1,1.0
1986,r-3z^1,1,1,1.0
1985,f-;3m3,1,1,1.0
1983,u-3b1,1,1,1.0
1973,v^3s2,1,1,1.0
1982,h^3t-3,1,1,1.0
1981,u3y-1,1,1,1.0
1979,b;2f1,1,1,1.0
1978,m2l1,1,1,1.0
1977,b+3s;1,1,1,1.0
1976,u-2f-3,1,1,1.0
1975,s+2f;3,1,1,1.0
1980,s3j1,1,0,0.0
1938,b-3s3,1,1,1.0
1954,b-1z1,1,1,1.0
1925,r1u-2,1,1,1.0
1932,r2y2,1,0,0.0
1931,y2u^2,1,0,0.0
1930,y1f-;3,1,0,0.0
1929,v1f;3,1,0,0.0
1928,l-2o3,1,1,1.0
1927,h^3r-3,1,1,1.0
1926,o2r2,1,1,1.0
1924,s2u2,1,0,0.0
1953,v^2m-2,1,1,1.0
1923,y^3s-2,1,0,0.0
1922,s-2v2,1,1,1.0
1921,r+3s2,1,1,1.0
1920,z2f-2,1,1,1.0
1992,r+2b;3,1,1,1.0
1919,f-2z2,1,1,1.0
1918,f-1r2,1,1,1.0
1933,z-3z2,1,0,0.0
1934,f2b+;3,1,1,1.0
1935,f-2s2,1,0,0.0
1936,s2f-;2,1,1,1.0
1952,l2s3,1,1,1.0
1951,u+1m-2,1,1,1.0
1950,r+2f3,1,1,1.0
1949,u2s3,1,0,0.0
1948,o2r3,1,1,1.0
1947,t3t2,1,1,1.0
1946,h2r1,1,1,1.0
1945,b3u+1,1,1,1.0
1944,y+1b1,1,1,1.0
1943,y1s2,1,1,1.0
1942,f+;3m1,1,1,1.0
1941,f2z;3,1,1,1.0
1940,f;2s3,1,0,0.0
1939,b+2s2,1,1,1.0
1937,v2s2,1,1,1.0
1991,s-3i1,1,1,1.0
2031,l2v^3,1,1,1.0
1993,r2s+2,1,0,0.0
2042,y-3f-1,1,1,1.0
2049,z1o=3,1,1,1.0
2048,f2l3,1,1,1.0
2047,i3b;2,1,1,1.0
2046,f;1v^1,1,1,1.0
2045,v2b+3,1,1,1.0
2044,r+2b3,1,1,1.0
2043,h3l-3,1,1,1.0
2041,s-3s-1,1,0,0.0
1994,f2o3,1,1,1.0
2040,s-3m-2,1,1,1.0
2039,m2z^3,1,1,1.0
2038,v2b-1,1,1,1.0
2037,s-1s-1,1,1,1.0
2036,y3f-1,1,1,1.0
2035,y1b-1,1,1,1.0
2034,f-2v1,1,1,1.0
2050,r3r2,1,1,1.0
2051,r2r1,1,1,1.0
2052,b+1f;1,1,1,1.0
2053,v+3m2,1,1,1.0
2067,l+3o1,1,1,1.0
1916,r-1v1,1,1,1.0
2066,s+3v2,1,0,0.0
2065,f=2v1,1,1,1.0
2064,f;+3b2,1,1,1.0
2063,z2o2,1,1,1.0
2062,i2i2,1,1,1.0
2061,v^1f2,1,1,1.0
2060,v1f+3,1,1,1.0
2059,i=2y3,1,0,0.0
2058,s-3s-2,1,1,1.0
2057,v+1f;3,1,1,1.0
2056,b1l1,1,1,1.0
2055,s-2b1,1,1,1.0
2054,f;1r+1,1,1,1.0
2033,s1f;3,1,0,0.0
2032,b-2v3,1,1,1.0
2030,u1r-3,1,1,1.0
2011,f;3k3,1,1,1.0
2009,l2k1,1,1,1.0
2008,f2h^3,1,1,1.0
2007,y2f-1,1,0,0.0
2006,t2v^3,1,1,1.0
2005,y-1f-2,1,1,1.0
2004,s-3v2,1,1,1.0
2003,r+3b2,1,1,1.0
2002,s-1l-3,1,1,1.0
2001,f-1m2,1,0,0.0
2000,r3f-1,1,1,1.0
1999,s3j=3,1,1,1.0
1998,y3y-3,1,1,1.0
1997,b;3f2,1,0,0.0
1996,u-3f3,1,1,1.0
1995,b1u-3,1,1,1.0
2010,z=2v3,1,1,1.0
2012,f+2s2,1,1,1.0
2029,z3s-3,1,1,1.0
2013,o=2f2,1,1,1.0
2028,h1j=1,1,1,1.0
2027,r-1l3,1,1,1.0
2026,r-3v3,1,1,1.0
2025,f;1s-3,1,1,1.0
2024,u-2b-3,1,1,1.0
2023,s-3m3,1,1,1.0
2022,u1s-3,1,1,1.0
2021,m1j1,1,0,0.0
2020,m-3z1,1,1,1.0
2019,j3s1,1,1,1.0
2018,f-3z^1,1,1,1.0
2017,s2f+;1,1,1,1.0
2016,o+1f3,1,1,1.0
2015,m2v2,1,1,1.0
2014,s2h^1,1,1,1.0
1917,f2r3,1,1,1.0
1834,s-1i=3,1,1,1.0
1915,r+1f1,1,1,1.0
1810,b-3v1,1,1,1.0
1817,s-1l1,1,1,1.0
1816,i3b-1,1,1,1.0
1815,b1s-1,1,1,1.0
1814,m2j3,1,1,1.0
1813,r+2b1,1,1,1.0
1812,f+3b;1,1,1,1.0
1811,u+1f3,1,1,1.0
1809,f+;2f+3,1,1,1.0
1800,f-2b3,1,1,1.0
1808,s1o3,1,1,1.0
1807,b-1z;^1,1,1,1.0
1806,v2f+3,1,0,0.0
1805,b1b;^1,1,1,1.0
1804,v;2b1,1,1,1.0
1803,b-2z1,1,1,1.0
1802,f-2z3,1,1,1.0
1818,z3s-2,1,1,1.0
1819,j3s3,1,1,1.0
1820,b+1r2,1,1,1.0
1821,b;3u3,1,1,1.0
1836,b+1v3,1,1,1.0
1835,i1f-;3,1,1,1.0
2069,f;1v3,1,1,1.0
1833,i=3s1,1,1,1.0
1832,f+3z3,1,1,1.0
1831,f;3b+3,1,1,1.0
1830,b+;2b1,1,0,0.0
1829,l2z2,1,1,1.0
1828,f2i=+3,1,1,1.0
1827,p=1v^1,1,1,1.0
1826,h=1f+1,1,1,1.0
1825,b;2f2,1,1,1.0
1824,y+3y3,1,1,1.0
1823,b3i^1,1,1,1.0
1822,l3o-2,1,1,1.0
1801,f+;1f1,1,1,1.0
1799,i2l-1,1,1,1.0
1914,t2o2,1,0,0.0
1771,b;1r1,1,1,1.0
1778,v1t2,1,1,1.0
1777,v2o1,1,1,1.0
1776,s-2z2,1,1,1.0
1775,u3b+1,1,1,1.0
1774,s2r-3,1,1,1.0
1773,s-2b-1,1,1,1.0
1772,i=2f2,1,0,0.0
1770,m2k1,1,1,1.0
1798,y+1f2,1,1,1.0
1769,s-3b-3,1,1,1.0
1768,f2j3,1,1,1.0
1767,y3z1,1,1,1.0
1766,y3y-1,1,1,1.0
1765,y3r3,1,1,1.0
1764,y-3b1,1,1,1.0
1763,m2f-1,1,1,1.0
1779,u2f-3,1,1,1.0
1780,h^3m-3,1,1,1.0
1781,y-1b-1,1,1,1.0
1782,y1s-2,1,0,0.0
1797,f-2o2,1,1,1.0
1796,f3t=3,1,1,1.0
1795,r3b+3,1,1,1.0
1794,i=2o3,1,1,1.0
1793,y1u1,1,1,1.0
1792,f+2s3,1,1,1.0
1791,r-2b3,1,0,0.0
1790,l+2b3,1,1,1.0
1789,b3b+2,1,0,0.0
1788,l2b3,1,1,1.0
1787,b;3b1,1,1,1.0
1786,m-2o1,1,1,1.0
1785,m-2p1,1,1,1.0
1784,r-1f-1,1,0,0.0
1783,y-3f-3,1,1,1.0
1837,f3y-1,1,1,1.0
1838,l2v^1,1,1,1.0
1839,r3f+;1,1,1,1.0
1887,j=+1s2,1,1,1.0
1894,f3b-3,1,1,1.0
1893,f1j+1,1,1,1.0
1892,p1l3,1,1,1.0
1891,r3y-1,1,1,1.0
1890,y+3b-2,1,1,1.0
1889,f+1m1,1,1,1.0
1888,r1b+3,1,0,0.0
1886,h2z=3,1,1,1.0
1840,s2r3,1,1,1.0
1885,u-1f-1,1,1,1.0
1884,s1s+2,1,0,0.0
1883,o=3b1,1,1,1.0
1882,l3t3,1,1,1.0
1881,s-;3s-2,1,1,1.0
1880,s-;1l3,1,1,1.0
1879,j2f1,1,1,1.0
1895,r1f-3,1,1,1.0
1896,r2b+3,1,0,0.0
1897,r-2m3,1,1,1.0
1898,u3s+3,1,0,0.0
1913,r2h3,1,1,1.0
1912,i^1f-1,1,1,1.0
1911,f+3q3,1,1,1.0
1910,f1r;2,1,1,1.0
1909,l-2p2,1,1,1.0
1908,r2b2,1,0,0.0
1907,s-1v=1,1,1,1.0
1906,y1f-2,1,1,1.0
1905,r-3z2,1,1,1.0
1904,j+2m3,1,1,1.0
1903,b1z;2,1,1,1.0
1902,l1p^3,1,1,1.0
1901,r-3l1,1,1,1.0
1900,m-3o2,1,1,1.0
1899,f+2r1,1,1,1.0
1878,u1u-3,1,1,1.0
1877,m-3t1,1,1,1.0
1876,m3b1,1,1,1.0
1857,b1b+3,1,1,1.0
1855,i^3f-3,1,1,1.0
1854,r2k+3,1,1,1.0
1853,s1u+2,1,0,0.0
1852,r3u+1,1,1,1.0
1851,h+3i=1,1,1,1.0
1850,f-3s3,1,1,1.0
1849,m-1t3,1,1,1.0
1848,b-1f3,1,1,1.0
1847,f3l1,1,1,1.0
1846,s2j+3,1,1,1.0
1845,z+3m2,1,1,1.0
1844,u;+3s2,1,1,1.0
1843,s3z+^2,1,1,1.0
1842,s3p2,1,0,0.0
1841,y1u3,1,1,1.0
1856,f;2v2,1,1,1.0
1858,m2v^1,1,0,0.0
1875,o1r3,1,1,1.0
1859,o2v3,1,1,1.0
1874,f+;3f3,1,1,1.0
1873,b2v;1,1,1,1.0
1872,v^1s-1,1,1,1.0
1871,z1b-;3,1,1,1.0
1870,j=+3f2,1,1,1.0
1869,b-3f3,1,1,1.0
1868,z=+1s2,1,1,1.0
1867,r3u-+1,1,1,1.0
1866,v3f-+1,1,1,1.0
1865,s2o-3,1,1,1.0
1864,s3h^3,1,1,1.0
1863,f3u=1,1,0,0.0
1862,z=1b3,1,1,1.0
1861,b2u+2,1,1,1.0
1860,s3p1,1,0,0.0
2068,v1f-1,1,1,1.0
2151,h2v1,1,0,0.0
2070,f3p^3,1,1,1.0
2274,f2f;1,1,1,1.0
2281,r+3z=3,1,1,1.0
2280,h=1f1,1,1,1.0
2279,j=+3b2,1,1,1.0
2278,r+1f3,1,0,0.0
2277,y3b;3,1,1,1.0
2276,o3s2,1,1,1.0
2275,v1f;1,1,1,1.0
2273,f2o1,1,1,1.0
2264,s-2o2,1,1,1.0
2272,v=+3b1,1,1,1.0
2271,f;1l3,1,1,1.0
2270,i+2f-1,1,1,1.0
2269,k2f2,1,1,1.0
2268,u+3f3,1,1,1.0
2267,h1b-3,1,1,1.0
2266,s2k+3,1,0,0.0
2282,s3p3,1,1,1.0
2283,k1v1,1,1,1.0
2284,f-1f-2,1,1,1.0
2285,b-3s2,1,1,1.0
2300,v3t2,1,1,1.0
2299,z=2o1,1,1,1.0
2298,z2t1,1,1,1.0
2297,b;2b1,1,0,0.0
2296,f+3l1,1,1,1.0
2295,f3i1,1,1,1.0
2294,z^1r-1,1,1,1.0
2293,y2f+1,1,0,0.0
2292,m+3l=3,1,1,1.0
2291,s1h^1,1,1,1.0
2290,j=+1l3,1,1,1.0
2289,f2h=2,1,1,1.0
2288,l=1o3,1,1,1.0
2287,b-3f2,1,1,1.0
2286,y+2b-1,1,1,1.0
2265,i=2u+3,1,0,0.0
2263,u+3f;3,1,1,1.0
2071,i2b-3,1,1,1.0
2235,y1s1,1,1,1.0
2242,m3u2,1,1,1.0
2241,i3r3,1,1,1.0
2240,h1v3,1,1,1.0
2239,j+=1f3,1,1,1.0
2238,h1h+3,1,0,0.0
2237,m3m1,1,1,1.0
2236,s+1l1,1,1,1.0
2234,z3k3,1,1,1.0
2262,b1r+1,1,0,0.0
2233,s+2v1,1,0,0.0
2232,s;3b1,1,1,1.0
2231,r1r2,1,1,1.0
2230,h3k=3,1,1,1.0
2229,y1v3,1,1,1.0
2228,y1r2,1,1,1.0
2227,t2v^2,1,1,1.0
2243,v1b-3,1,1,1.0
2244,f-+1b1,1,1,1.0
2245,u-3s-3,1,1,1.0
2246,b;2b2,1,0,0.0
2261,i1b-1,1,1,1.0
2260,k3f1,1,1,1.0
2259,v2f-3,1,1,1.0
2258,u3s1,1,0,0.0
2257,t=2z1,1,1,1.0
2256,i3v+3,1,1,1.0
2255,r2u;1,1,1,1.0
2254,f+1v2,1,1,1.0
2253,z^3f1,1,1,1.0
2252,u3i3,1,0,0.0
2251,s3i;1,1,1,1.0
2250,s2r+;1,1,1,1.0
2249,b;1s+2,1,1,1.0
2248,m2f2,1,1,1.0
2247,s2k3,1,1,1.0
2301,l-3m2,1,1,1.0
2302,s2b+3,1,1,1.0
2303,j=1f1,1,1,1.0
2351,u-3m-3,1,0,0.0
2358,s+3z^3,1,1,1.0
2357,j1f2,1,1,1.0
2356,z=2o-1,1,1,1.0
2355,z3b-3,1,0,0.0
2354,b-1l3,1,1,1.0
2353,z3z=2,1,1,1.0
2352,h-3z3,1,1,1.0
2350,f+3z1,1,1,1.0
2304,f2u-3,1,1,1.0
2349,b2p3,1,1,1.0
2348,i1f-3,1,1,1.0
2347,h-3k-3,1,1,1.0
2346,m2o-1,1,1,1.0
2345,y+3s-1,1,0,0.0
2344,b1v-1,1,1,1.0
2343,s2f;3,1,1,1.0
2359,h3z1,1,1,1.0
2360,b2f+2,1,0,0.0
2361,r3o-3,1,1,1.0
2362,f;+3f1,1,1,1.0
1761,t2z3,1,1,1.0
2376,y2r3,1,1,1.0
2375,s2u-3,1,0,0.0
2374,y1l1,1,0,0.0
2373,z1f;1,1,1,1.0
2372,f+3v1,1,1,1.0
2371,m+3o1,1,1,1.0
2370,v^3m-3,1,1,1.0
2369,f;3b+1,1,1,1.0
2368,s2j+1,1,0,0.0
2367,r-1z3,1,1,1.0
2366,f1y2,1,0,0.0
2365,y-1f1,1,1,1.0
2364,p1f3,1,1,1.0
2363,s1y+3,1,1,1.0
2342,m3o-3,1,1,1.0
2341,o-1f3,1,1,1.0
2340,o-1f1,1,1,1.0
2321,b;+1f3,1,1,1.0
2319,z^2f-3,1,1,1.0
2318,h1f-2,1,1,1.0
2317,v^1r-3,1,1,1.0
2316,f;+3f3,1,1,1.0
2315,b+2b2,1,0,0.0
2314,z+1f3,1,1,1.0
2313,b;-3b3,1,1,1.0
2312,z^1b1,1,1,1.0
2311,f3b+2,1,0,0.0
2310,v+1b3,1,1,1.0
2309,s2v+3,1,0,0.0
2308,b3b-1,1,1,1.0
2307,r2s+3,1,0,0.0
2306,z^2f1,1,1,1.0
2305,z1b-3,1,1,1.0
2320,l3z^3,1,1,1.0
2322,s;3z^1,1,1,1.0
2339,s1o-1,1,1,1.0
2323,j2b3,1,1,1.0
2338,m2o-3,1,1,1.0
2337,z3s-;1,1,1,1.0
2336,f;+3b1,1,1,1.0
2335,s1z;1,1,1,1.0
2334,s1m2,1,0,0.0
2333,t3v1,1,1,1.0
2332,u3r3,1,1,1.0
2331,u+1s2,1,1,1.0
2330,f1s+2,1,0,0.0
2329,f+3l2,1,1,1.0
2328,i=3b-3,1,1,1.0
2327,l1f3,1,1,1.0
2326,u1v3,1,1,1.0
2325,i3y+1,1,1,1.0
2324,s2f;2,1,1,1.0
2226,r3m2,1,1,1.0
2225,l1v^3,1,1,1.0
2224,u+3s2,1,1,1.0
2118,m3j3,1,1,1.0
2125,i;1l2,1,1,1.0
2124,b1h=1,1,1,1.0
2123,i3b-3,1,1,1.0
2122,s-3m2,1,1,1.0
2121,f-1v^3,1,1,1.0
2120,y-3s-3,1,1,1.0
2119,f;1r3,1,1,1.0
2117,r-3m2,1,1,1.0
2146,m1f2,1,0,0.0
2116,t2h^2,1,1,1.0
2115,i2j1,1,1,1.0
2114,f;2z^2,1,1,1.0
2113,b;1f1,1,0,0.0
2112,v^3y3,1,1,1.0
2111,z^3y-3,1,1,1.0
2110,h2f-2,1,1,1.0
2126,s1v;1,1,1,1.0
2127,h^2m-1,1,1,1.0
2128,v3l+3,1,1,1.0
2129,v3z2,1,1,1.0
2144,f3z;3,1,1,1.0
2143,j1v3,1,1,1.0
2142,v1f-2,1,1,1.0
2141,v2z=2,1,1,1.0
2140,i2s3,1,0,0.0
2139,v2f;1,1,1,1.0
2138,o1v1,1,1,1.0
2137,r+1l3,1,1,1.0
2136,k1f2,1,1,1.0
2135,k+1v1,1,1,1.0
2134,r1r-3,1,1,1.0
2133,i3s2,1,0,0.0
2132,y+2r2,1,1,1.0
2131,u1l2,1,1,1.0
2130,z3k2,1,0,0.0
2109,y-3s1,1,1,1.0
2108,f+2m2,1,1,1.0
2107,v^1f1,1,1,1.0
2088,f+3s;1,1,1,1.0
2086,f2j+3,1,1,1.0
2085,f2y+;3,1,1,1.0
2084,f;3s+2,1,0,0.0
2083,i-1f+3,1,1,1.0
2082,y-3b-1,1,1,1.0
2081,y1u+3,1,1,1.0
2080,k+3b1,1,1,1.0
2079,v3k=3,1,1,1.0
2078,s2i1,1,1,1.0
2077,i3s-3,1,1,1.0
2076,b;3z^1,1,1,1.0
2075,h=2u2,1,0,0.0
2074,m-2f2,1,1,1.0
2073,z^2s1,1,1,1.0
2072,v1s+3,1,1,1.0
2087,i=2f1,1,1,1.0
2089,f2y2,1,1,1.0
2106,u1r1,1,1,1.0
2090,v3b;3,1,1,1.0
2105,s1v+1,1,1,1.0
2104,j+1l1,1,1,1.0
2103,p1r2,1,1,1.0
2102,r1b+1,1,0,0.0
2101,f-1z1,1,1,1.0
2100,u-1b-3,1,1,1.0
2099,y+3f1,1,1,1.0
2098,f1m+3,1,1,1.0
2097,f2t=2,1,1,1.0
2096,s3t=1,1,1,1.0
2095,z3v=+1,1,1,1.0
2094,f-;2m3,1,1,1.0
2093,r3o1,1,1,1.0
2092,l+1o3,1,1,1.0
2091,b+;1f1,1,0,0.0
2145,z^3b3,1,1,1.0
2147,i2z1,1,1,1.0
2223,s1j1,1,0,0.0
2196,o2m2,1,1,1.0
2203,r1v1,1,1,1.0
2202,s-3b2,1,0,0.0
2201,v2r;3,1,1,1.0
2200,h2p2,1,1,1.0
2199,v3s;3,1,1,1.0
2198,i1v3,1,1,1.0
2197,s;1f2,1,1,1.0
2195,h1r1,1,1,1.0
2148,v3b-2,1,1,1.0
2194,v3j2,1,0,0.0
2193,z^2s-1,1,1,1.0
2192,v3v1,1,1,1.0
2191,v^3m3,1,1,1.0
2190,f+3v3,1,1,1.0
2189,i-2v1,1,1,1.0
2188,h2b-1,1,1,1.0
2204,v3f;3,1,1,1.0
2205,l2p1,1,1,1.0
2206,h3b;3,1,1,1.0
2207,h3z-3,1,1,1.0
2222,y+2b2,1,1,1.0
2221,r;3b2,1,1,1.0
2220,z=+1l3,1,1,1.0
2219,b-3m2,1,1,1.0
2218,b1j2,1,1,1.0
2217,k=3z3,1,1,1.0
2216,p=3s2,1,1,1.0
2215,i3b-2,1,1,1.0
2214,z=2j1,1,1,1.0
2213,z3i=1,1,1,1.0
2212,z^3b1,1,1,1.0
2211,y-3b3,1,1,1.0
2210,j2b1,1,1,1.0
2209,f1s-3,1,0,0.0
2208,l3o=+1,1,1,1.0
2187,z2b-1,1,1,1.0
2186,r1v^3,1,1,1.0
2185,v3r-3,1,1,1.0
2166,z3j1,1,1,1.0
2164,h+1f1,1,1,1.0
2163,b3v;2,1,1,1.0
2162,b1z^2,1,1,1.0
2161,m+1p1,1,1,1.0
2160,s+1m3,1,1,1.0
2159,h3s+1,1,0,0.0
2158,f+1i3,1,1,1.0
2157,f=2f3,1,0,0.0
2156,s2k1,1,1,1.0
2155,u3f3,1,1,1.0
2154,i1s-1,1,1,1.0
2153,z+2f3,1,1,1.0
2152,z3m+1,1,1,1.0
2150,z;1f3,1,1,1.0
2149,z1b;2,1,1,1.0
2165,z=2b1,1,0,0.0
2167,v1v-2,1,1,1.0
2184,s3v2,1,0,0.0
2168,z2i1,1,1,1.0
2183,r+1v1,1,1,1.0
2182,v3h1,1,1,1.0
2181,v;3f3,1,1,1.0
2180,z1k2,1,0,0.0
2179,l+1l2,1,1,1.0
2178,m+1f1,1,1,1.0
2177,z2r3,1,1,1.0
2176,j+1f2,1,1,1.0
2175,o=+2s2,1,1,1.0
2174,z3b;2,1,1,1.0
2173,z;2f3,1,1,1.0
2172,s2r+1,1,0,0.0
2171,y+3b2,1,1,1.0
2170,z;1f2,1,1,1.0
2169,m3o=2,1,0,0.0
1762,r3s+3,1,0,0.0
1189,s-3m1,1,1,1.0
1760,j2b2,1,1,1.0
1346,y1b1,1,1,1.0
1353,h+3f1,1,1,1.0
1352,j+2f1,1,1,1.0
1351,f3z^+3,1,0,0.0
1350,b;1s+3,1,1,1.0
1349,b1z;3,1,1,1.0
1348,f+3f;3,1,0,0.0
1347,s2b+1,1,1,1.0
1345,s3z+3,1,1,1.0
1336,r1h^3,1,1,1.0
1344,b+1b2,1,1,1.0
1343,i1f-1,1,1,1.0
1342,v2i=3,1,1,1.0
1341,z+1f1,1,1,1.0
1340,b;2s-1,1,1,1.0
1339,b+3m1,1,1,1.0
1338,h3m+3,1,1,1.0
1354,s2u;3,1,1,1.0
1355,u+2s3,1,1,1.0
1356,i=2z3,1,1,1.0
1357,b+1b;1,1,1,1.0
1372,v-1h3,1,1,1.0
1371,s+1v2,1,0,0.0
1370,f1v+2,1,1,1.0
1369,o2m1,1,1,1.0
1368,f2o2,1,1,1.0
1367,f;2r-1,1,1,1.0
1366,b;1v2,1,1,1.0
1365,i2s2,1,1,1.0
1364,b1b;^3,1,1,1.0
1363,v3i1,1,1,1.0
1362,v^3r-3,1,1,1.0
1361,m3v2,1,1,1.0
1360,h=2v3,1,1,1.0
1359,r1z2,1,1,1.0
1358,f+;3f1,1,1,1.0
1337,f+1r+3,1,1,1.0
1335,s3f+2,1,0,0.0
1451,p3m2,1,1,1.0
1307,r1r+3,1,0,0.0
1314,v^3t-1,1,1,1.0
1313,l2l1,1,1,1.0
1312,f2b-3,1,1,1.0
1311,b-2f-3,1,1,1.0
1310,r-3s1,1,1,1.0
1309,v2s1,1,0,0.0
1308,b3z;1,1,1,1.0
1306,r3u-1,1,1,1.0
1334,v2m+1,1,1,1.0
1305,v1i3,1,1,1.0
1304,r1i3,1,1,1.0
1303,u3s2,1,1,1.0
1302,o3m2,1,1,1.0
1301,r+3m1,1,1,1.0
1300,b+1z3,1,1,1.0
1299,v3o2,1,1,1.0
1315,r2u-2,1,1,1.0
1316,b+1h3,1,1,1.0
1317,s;3s+1,1,0,0.0
1318,b+2s1,1,1,1.0
1333,s2z^+1,1,1,1.0
1332,u2u-1,1,1,1.0
1331,s-+1b3,1,1,1.0
1330,y2b-3,1,1,1.0
1329,f+1b;3,1,1,1.0
1328,y2r2,1,1,1.0
1327,b-1f2,1,1,1.0
1326,s3r2,1,1,1.0
1325,r3u3,1,0,0.0
1324,h1l2,1,1,1.0
1323,m1o=2,1,1,1.0
1322,o1t3,1,1,1.0
1321,z=2m1,1,1,1.0
1320,m2o=+3,1,1,1.0
1319,i+2l3,1,1,1.0
1373,b;2v2,1,1,1.0
1374,i=2b+3,1,1,1.0
1375,i=3f1,1,0,0.0
1423,s3s-+3,1,0,0.0
1430,v1t3,1,1,1.0
1429,i1v1,1,1,1.0
1428,i3i3,1,0,0.0
1427,s+3s+1,1,0,0.0
1426,h=1z3,1,1,1.0
1425,b-;1m2,1,1,1.0
1424,r+1m1,1,1,1.0
1422,h-1f3,1,1,1.0
1376,l3j1,1,1,1.0
1421,z2k1,1,1,1.0
1420,m1f1,1,1,1.0
1419,i+3b3,1,1,1.0
1418,z1h=3,1,1,1.0
1417,v+3z1,1,1,1.0
1416,s2s+2,1,0,0.0
1415,r2y+1,1,0,0.0
1431,m+1f2,1,1,1.0
1432,h3r2,1,1,1.0
1433,z2b;1,1,1,1.0
1434,h1b2,1,0,0.0
1449,o1l1,1,1,1.0
1448,h1l3,1,1,1.0
1447,p1z3,1,1,1.0
1446,f;1h3,1,1,1.0
1445,h3l3,1,1,1.0
1444,p1f;1,1,1,1.0
1443,p3s2,1,1,1.0
1442,z2s2,1,1,1.0
1441,z1z3,1,1,1.0
1440,s3z^+3,1,1,1.0
1439,f;3z2,1,1,1.0
1438,r2k=+1,1,0,0.0
1437,s+1s1,1,0,0.0
1436,i2z+1,1,1,1.0
1435,m+2t2,1,1,1.0
1414,s2m2,1,1,1.0
1413,f1u;3,1,1,1.0
1412,i^1f-3,1,1,1.0
1393,l3b1,1,1,1.0
1391,s-3z=3,1,1,1.0
1390,i3z2,1,1,1.0
1389,y1f+1,1,1,1.0
1388,f+;2f2,1,0,0.0
1387,s3k2,1,1,1.0
1386,h=2i1,1,1,1.0
1385,r-2f3,1,1,1.0
1384,r2z^3,1,1,1.0
1383,k2z1,1,1,1.0
1382,s1h-1,1,1,1.0
1381,f+1f;2,1,1,1.0
1380,f=3z1,1,1,1.0
1379,s-1j1,1,1,1.0
1378,b;3b+3,1,1,1.0
1377,y+1s2,1,1,1.0
1392,h3f-2,1,0,0.0
1394,y3y1,1,1,1.0
1411,v^2f;1,1,1,1.0
1395,s;2v1,1,1,1.0
1410,v3v3,1,1,1.0
1409,v1b+3,1,1,1.0
1408,z^3f3,1,1,1.0
1407,r1j+1,1,1,1.0
1406,m-2p3,1,1,1.0
1405,z^3r-2,1,1,1.0
1404,s-+2l3,1,1,1.0
1403,f;2z1,1,1,1.0
1402,i=3s3,1,0,0.0
1401,i-2f3,1,1,1.0
1400,b;3y+1,1,1,1.0
1399,y1b3,1,1,1.0
1398,u2r3,1,1,1.0
1397,b;2f3,1,1,1.0
1396,h3b-2,1,1,1.0
1298,p3b-2,1,0,0.0
1297,f2h3,1,1,1.0
1296,r3f2,1,0,0.0
1191,s2p;1,1,1,1.0
1198,r1u-3,1,0,0.0
1197,s3h2,1,1,1.0
1196,v3r3,1,1,1.0
1195,b1s+2,1,0,0.0
1194,u-3b-2,1,1,1.0
1193,y2s3,1,1,1.0
1192,f-2s-3,1,1,1.0
1190,f3h3,1,1,1.0
1219,f3f-3,1,1,1.0
1188,z1i3,1,1,1.0
1187,r;1s3,1,1,1.0
1186,v1m1,1,1,1.0
1185,b3v^2,1,1,1.0
1184,l3v^3,1,1,1.0
1183,b2b+3,1,0,0.0
1182,s;2s-3,1,1,1.0
1199,f1o=3,1,1,1.0
1200,v=2v3,1,1,1.0
1201,m2v=1,1,1,1.0
1202,f;2f2,1,0,0.0
1217,p1i1,1,1,1.0
1216,r1s1,1,1,1.0
1215,s3r+1,1,0,0.0
1214,u-3i1,1,1,1.0
1213,r+1s3,1,1,1.0
1212,r+3s1,1,1,1.0
1211,z2k3,1,0,0.0
1210,m-3b1,1,1,1.0
1209,b;3f3,1,0,0.0
1208,b;3r-1,1,0,0.0
1207,h^2s-1,1,1,1.0
1206,o2b1,1,1,1.0
1205,r2f+2,1,1,1.0
1204,f2u^2,1,1,1.0
1203,h3s-3,1,1,1.0
1181,u-1u-;1,1,1,1.0
1180,v2f2,1,1,1.0
1179,r-2v1,1,1,1.0
1160,s1i3,1,1,1.0
1158,l1v^2,1,0,0.0
1157,r-1f2,1,1,1.0
1156,z;3f3,1,0,0.0
1155,i1m1,1,1,1.0
1154,b;2r2,1,1,1.0
1153,s;3u+1,1,0,0.0
1152,b1f-2,1,1,1.0
1151,z;1f;1,1,1,1.0
1150,u3r1,1,1,1.0
1149,v;1f3,1,1,1.0
1148,h^2f-3,1,1,1.0
1147,b1v;2,1,1,1.0
1146,z1t3,1,1,1.0
1145,i2r3,1,1,1.0
1144,m+3m3,1,1,1.0
1159,z2j3,1,1,1.0
1161,b;1u3,1,1,1.0
1178,f;3u-1,1,1,1.0
1162,f2y-1,1,1,1.0
1177,z^1s2,1,1,1.0
1176,s-3f1,1,1,1.0
1175,b-3z=1,1,1,1.0
1174,v2h1,1,1,1.0
1173,v3f;1,1,1,1.0
1172,o=3s1,1,1,1.0
1171,j+3l3,1,1,1.0
1170,l2f-3,1,1,1.0
1169,j-3f1,1,0,0.0
1168,l3t1,1,1,1.0
1167,z;2b2,1,0,0.0
1166,m-3t3,1,1,1.0
1165,r+1b2,1,0,0.0
1164,f;3s+1,1,0,0.0
1163,z^2s2,1,1,1.0
1218,l3l2,1,1,1.0
1220,s2i+2,1,0,0.0
1295,u+3y3,1,1,1.0
1268,s-2v=1,1,1,1.0
1275,z2j=3,1,1,1.0
1274,z1s-3,1,1,1.0
1273,i2f-1,1,0,0.0
1272,z+3b1,1,1,1.0
1271,y+3s-3,1,1,1.0
1270,b;1u+3,1,1,1.0
1269,y2b-2,1,0,0.0
1267,u1y-1,1,1,1.0
1221,m1o=1,1,1,1.0
1266,r-1f3,1,0,0.0
1265,h3b;2,1,1,1.0
1264,r2r+2,1,0,0.0
1263,f2i3,1,1,1.0
1262,r+3s3,1,1,1.0
1261,z;2b1,1,1,1.0
1260,m1b2,1,0,0.0
1276,m2f=1,1,0,0.0
1277,s+2z+3,1,1,1.0
1278,y1f+3,1,1,1.0
1279,z1o2,1,1,1.0
1294,j3z2,1,1,1.0
1293,f+;1f2,1,0,0.0
1292,i2z3,1,1,1.0
1291,f1b;3,1,1,1.0
1290,u-1f-2,1,1,1.0
1289,s+3f2,1,1,1.0
1288,s1j3,1,1,1.0
1287,b1v;^1,1,1,1.0
1286,u1u1,1,1,1.0
1285,f;1f+1,1,1,1.0
1284,y3f-3,1,1,1.0
1283,f3f;3,1,1,1.0
1282,v1s-3,1,1,1.0
1281,v^3r1,1,1,1.0
1280,f1f-3,1,1,1.0
1259,z^2r-2,1,1,1.0
1258,m1m3,1,1,1.0
1257,r2u2,1,0,0.0
1238,i1r-1,1,1,1.0
1236,m+1b3,1,1,1.0
1235,s;1s3,1,1,1.0
1234,y3y^1,1,1,1.0
1233,h2f+1,1,1,1.0
1232,v;3b1,1,0,0.0
1231,f;2s-3,1,1,1.0
1230,s3v^3,1,1,1.0
1229,u+3m2,1,1,1.0
1228,m3f;3,1,1,1.0
1227,l1r2,1,1,1.0
1226,r1m1,1,1,1.0
1225,z2l+1,1,1,1.0
1224,z2b;3,1,1,1.0
1223,f2r+1,1,1,1.0
1222,v2b;2,1,1,1.0
1237,b2y;2,1,1,1.0
1239,b1u3,1,0,0.0
1256,l3m3,1,0,0.0
1240,f;1y3,1,1,1.0
1255,v2v2,1,1,1.0
1254,y^2f-3,1,0,0.0
1253,b-;1f-3,1,0,0.0
1252,r1m2,1,1,1.0
1251,s1m1,1,0,0.0
1250,m+1l1,1,1,1.0
1249,v3z=+1,1,1,1.0
1248,o1r2,1,1,1.0
1247,l3l3,1,1,1.0
1246,l1t2,1,1,1.0
1245,r1s3,1,1,1.0
1244,f-3s2,1,1,1.0
1243,u+2b-3,1,1,1.0
1242,f3u3,1,1,1.0
1241,l1m1,1,1,1.0
1450,h;3b1,1,1,1.0
1452,i2s1,1,1,1.0
1759,f-2f1,1,0,0.0
1655,f;2f-1,1,1,1.0
1662,z1r-3,1,1,1.0
1661,r+1m2,1,1,1.0
1660,f;1l1,1,1,1.0
1659,b;2r3,1,1,1.0
1658,i=1f-1,1,1,1.0
1657,b;3s-1,1,1,1.0
1656,z+3b3,1,1,1.0
1654,r2j+3,1,1,1.0
1645,p2f+1,1,1,1.0
1653,m3k1,1,1,1.0
1652,s1u1,1,1,1.0
1651,f;3m3,1,1,1.0
1650,y1v1,1,0,0.0
1649,y1u2,1,1,1.0
1648,b-3s1,1,1,1.0
1647,r2y1,1,0,0.0
1663,s;3y+2,1,1,1.0
1664,s3s-2,1,1,1.0
1665,f2i1,1,1,1.0
1666,v2h2,1,1,1.0
1681,s=+3f1,1,1,1.0
1680,b2h2,1,1,1.0
1679,p2z2,1,1,1.0
1678,i3f+1,1,1,1.0
1677,f1b+1,1,1,1.0
1676,l1v3,1,1,1.0
1675,i=2f-1,1,1,1.0
1674,s3f=3,1,1,1.0
1673,s+3o1,1,1,1.0
1672,f-1f-3,1,1,1.0
1671,z1o=2,1,0,0.0
1670,r3y+2,1,0,0.0
1669,h2s-1,1,1,1.0
1668,f1k=1,1,0,0.0
1667,p1l1,1,1,1.0
1646,v^2s1,1,1,1.0
1644,p;1r1,1,1,1.0
1453,v;2s1,1,1,1.0
1616,s3i=3,1,1,1.0
1623,f+2l3,1,1,1.0
1622,l1t=3,1,1,1.0
1621,s2f;+3,1,0,0.0
1620,f2h+2,1,1,1.0
1619,s2y2,1,0,0.0
1618,b2i2,1,1,1.0
1617,s1j2,1,0,0.0
1615,m3f1,1,1,1.0
1643,u1f1,1,1,1.0
1614,j=+1f1,1,1,1.0
1613,b1b+1,1,1,1.0
1612,y3f3,1,1,1.0
1611,s-2z1,1,1,1.0
1610,j=3b3,1,1,1.0
1609,f;1b3,1,0,0.0
1608,s1t1,1,1,1.0
1624,u3b+3,1,1,1.0
1625,f;3s;1,1,1,1.0
1626,f-1i=2,1,1,1.0
1627,s1s-3,1,1,1.0
1642,j+1l3,1,1,1.0
1641,p1o1,1,1,1.0
1640,o3o2,1,1,1.0
1639,r-1v3,1,1,1.0
1638,f;1f-3,1,1,1.0
1637,v=3p3,1,1,1.0
1636,i=3z3,1,1,1.0
1635,s3o=1,1,0,0.0
1634,z3f-1,1,1,1.0
1633,i3f-3,1,1,1.0
1632,f;3z;2,1,1,1.0
1631,z1o3,1,1,1.0
1630,h3f-1,1,1,1.0
1629,v2t=1,1,1,1.0
1628,s-2v3,1,1,1.0
1682,m2f1,1,0,0.0
1683,b-2z3,1,1,1.0
1684,y+2f1,1,1,1.0
1732,r+1v2,1,1,1.0
1739,f+3s;3,1,1,1.0
1738,b3s;1,1,1,1.0
1737,v^3l3,1,1,1.0
1736,m2t1,1,1,1.0
1735,j-1f3,1,1,1.0
1734,u3u+1,1,1,1.0
1733,v=1v1,1,1,1.0
1731,u2y-3,1,1,1.0
1685,t1f2,1,1,1.0
1730,k=+1f1,1,1,1.0
1729,v^1l1,1,1,1.0
1728,y+3s2,1,1,1.0
1727,o3l1,1,1,1.0
1726,f+2z3,1,1,1.0
1725,r1k3,1,1,1.0
1724,y+1s-3,1,1,1.0
1740,b+2l2,1,0,0.0
1741,s2v+1,1,1,1.0
1742,j3b2,1,1,1.0
1743,s3y-3,1,1,1.0
1758,r2f+;1,1,1,1.0
1757,s1f;1,1,1,1.0
1756,s3y-2,1,1,1.0
1755,b1y2,1,1,1.0
1754,s;1r-3,1,0,0.0
1753,m1v^3,1,1,1.0
1752,u3m-3,1,1,1.0
1751,r-1f-2,1,1,1.0
1750,f3y+;1,1,1,1.0
1749,r1z^1,1,1,1.0
1748,r-3r1,1,0,0.0
1747,r2j+1,1,1,1.0
1746,r-1b3,1,1,1.0
1745,s2z+1,1,0,0.0
1744,r2y-3,1,1,1.0
1723,h3b-3,1,1,1.0
1722,b1y1,1,0,0.0
1721,z^+1f-1,1,1,1.0
1702,v;3m-3,1,1,1.0
1700,s-3b-1,1,1,1.0
1699,s-+1f3,1,0,0.0
1698,l2p3,1,1,1.0
1697,s1v=3,1,1,1.0
1696,s2t=3,1,1,1.0
1695,z3v^3,1,1,1.0
1694,l3t=2,1,1,1.0
1693,u2b3,1,1,1.0
1692,h=2z3,1,1,1.0
1691,v=+1f3,1,1,1.0
1690,o-1f2,1,1,1.0
1689,u-1f2,1,1,1.0
1688,b;2b+3,1,1,1.0
1687,i3k3,1,1,1.0
1686,z3v3,1,1,1.0
1701,z2b-3,1,1,1.0
1703,f1u+3,1,1,1.0
1720,f;+1m3,1,1,1.0
1704,f+3t1,1,1,1.0
1719,f=1f3,1,1,1.0
1718,h=2f1,1,1,1.0
1717,o2s-1,1,1,1.0
1716,b3s;3,1,1,1.0
1715,r-2v3,1,1,1.0
1714,z2f;2,1,1,1.0
1713,s+3b;1,1,1,1.0
1712,i=3b+3,1,0,0.0
1711,y-1m-2,1,1,1.0
1710,i3s-1,1,1,1.0
1709,v+3f1,1,0,0.0
1708,o1m2,1,1,1.0
1707,k+1f1,1,1,1.0
1706,o=+1s3,1,1,1.0
1705,l+1f3,1,1,1.0
1607,l1i1,1,0,0.0
1606,v1o1,1,1,1.0
1605,f-1i2,1,1,1.0
1500,i2m1,1,1,1.0
1507,i2k3,1,1,1.0
1506,t2f3,1,1,1.0
1505,f3z+3,1,1,1.0
1504,v3p1,1,0,0.0
1503,z2b;2,1,1,1.0
1502,k=1v2,1,1,1.0
1501,l2f1,1,1,1.0
1499,h2l3,1,0,0.0
1528,s3z;1,1,0,0.0
1498,i=2v^1,1,0,0.0
1497,v^2m3,1,1,1.0
1496,h=1v^1,1,1,1.0
1495,l1o=2,1,1,1.0
1494,m+3f1,1,1,1.0
1493,f2m2,1,0,0.0
1492,j1z1,1,0,0.0
1508,b2i3,1,1,1.0
1509,f;1u-1,1,1,1.0
1510,b;3b2,1,1,1.0
1511,f-1l1,1,1,1.0
1526,f3f;2,1,1,1.0
1525,s1b+3,1,0,0.0
1524,t1f-3,1,0,0.0
1523,v2i3,1,1,1.0
1522,r-2f-1,1,1,1.0
1521,y1r-2,1,1,1.0
1520,f=3f3,1,0,0.0
1519,y3s-2,1,1,1.0
1518,f3z=1,1,1,1.0
1517,s3u1,1,1,1.0
1516,z1j3,1,1,1.0
1515,p3s+1,1,1,1.0
1514,f2o=2,1,1,1.0
1513,h2b;1,1,1,1.0
1512,f3h^3,1,1,1.0
1491,b3y+3,1,1,1.0
1490,i2l+3,1,1,1.0
1489,z^3s2,1,1,1.0
1470,s2z+3,1,1,1.0
1468,v;2r3,1,1,1.0
1467,z1j1,1,1,1.0
1466,z^3m3,1,1,1.0
1465,b;1s2,1,1,1.0
1464,i;2f1,1,0,0.0
1463,j+1h3,1,1,1.0
1462,z^3r1,1,1,1.0
1461,v3l1,1,1,1.0
1460,v2r1,1,0,0.0
1459,v2f+;1,1,1,1.0
1458,r+1z1,1,1,1.0
1457,z^2f2,1,1,1.0
1456,s2l2,1,1,1.0
1455,v^1s3,1,1,1.0
1454,y3b1,1,1,1.0
1469,l2v2,1,1,1.0
1471,z3i3,1,1,1.0
1488,o1l3,1,1,1.0
1472,z=1f1,1,0,0.0
1487,z2j2,1,1,1.0
1486,o3l3,1,1,1.0
1485,h1z1,1,1,1.0
1484,r3b-3,1,1,1.0
1483,r-1v^2,1,1,1.0
1482,f3y+3,1,1,1.0
1481,s1h3,1,1,1.0
1480,b1f-3,1,0,0.0
1479,b3i^3,1,1,1.0
1478,s;3s-3,1,1,1.0
1477,i=2u3,1,1,1.0
1476,v3o1,1,1,1.0
1475,y2s-1,1,1,1.0
1474,z2m+3,1,1,1.0
1473,o2j3,1,1,1.0
1527,r1s;1,1,0,0.0
1529,f2b;3,1,0,0.0
1604,s-2b;1,1,1,1.0
1577,f-2b1,1,1,1.0
1584,u-1v2,1,1,1.0
1583,k=3z1,1,1,1.0
1582,z2m-2,1,1,1.0
1581,v;2f-1,1,1,1.0
1580,t-1f-2,1,1,1.0
1579,u2s-1,1,1,1.0
1578,m3b3,1,1,1.0
1576,m1j3,1,1,1.0
1530,o+1f2,1,1,1.0
1575,s;2f1,1,0,0.0
1574,s-2m2,1,1,1.0
1573,s3i2,1,1,1.0
1572,y-1u-1,1,1,1.0
1571,f1r-3,1,1,1.0
1570,l2z3,1,1,1.0
1569,s+2s1,1,1,1.0
1585,b-2z2,1,1,1.0
1586,v2u-1,1,1,1.0
1587,v^3b-3,1,1,1.0
1588,l+3t2,1,1,1.0
1603,r-2m2,1,1,1.0
1602,r1v;3,1,1,1.0
1601,f;2f3,1,0,0.0
1600,z3v=1,1,1,1.0
1599,s+1s3,1,1,1.0
1598,y+1y-1,1,1,1.0
1597,m1z3,1,1,1.0
1596,s-2o3,1,1,1.0
1595,r-1l2,1,1,1.0
1594,r-3f1,1,1,1.0
1593,m3k3,1,1,1.0
1592,t2z^2,1,1,1.0
1591,h;3f1,1,1,1.0
1590,r-3z1,1,1,1.0
1589,s;3z2,1,1,1.0
1568,f;3s2,1,0,0.0
1567,u1s-1,1,1,1.0
1566,y1h3,1,1,1.0
1547,s3o-1,1,1,1.0
1545,f=3b1,1,0,0.0
1544,v3j3,1,1,1.0
1543,b2y+3,1,0,0.0
1542,o2l1,1,1,1.0
1541,b2v+3,1,0,0.0
1540,f1t2,1,1,1.0
1539,y2f-3,1,0,0.0
1538,r;-3s-3,1,1,1.0
1537,m1o-1,1,1,1.0
1536,p3f1,1,1,1.0
1535,v2f;3,1,1,1.0
1534,f-1v1,1,1,1.0
1533,t2f+1,1,1,1.0
1532,r2v+3,1,1,1.0
1531,i^2f3,1,0,0.0
1546,s1o2,1,1,1.0
1548,z=+3l1,1,1,1.0
1565,s;1z1,1,1,1.0
1549,f2z=+1,1,1,1.0
1564,i1s-3,1,1,1.0
1563,f-1z2,1,1,1.0
1562,b+1s;3,1,1,1.0
1561,r3u1,1,1,1.0
1560,o=3s3,1,0,0.0
1559,b2z^2,1,1,1.0
1558,b;3s+2,1,1,1.0
1557,f1h=2,1,1,1.0
1556,v1z1,1,1,1.0
1555,l2z1,1,1,1.0
1554,s2b-1,1,1,1.0
1553,f+;1b1,1,0,0.0
1552,f-+1s1,1,1,1.0
1551,r1s+3,1,0,0.0
1550,s-+3v3,1,1,1.0
2377,o=1b1,1,0,0.0
